Aga Khan University|https://ror.org/03gd0dm95 
Agency for Clinical Innovation|https://abr.business.gov.au/ABN/View/89809648636
Alfred Health|https://ror.org/04scfb908 
Ambulance Victoria|https://ror.org/00z7r8y22 
Arba Minch University|https://ror.org/00ssp9h11 
Austin Health|https://ror.org/05dbj6g52 
Australian Catholic University|https://ror.org/04cxm4j25 
Australian Catholic University Melbourne|https://ror.org/04cxm4j25 
Australian National University|https://ror.org/019wvm592 
Avondale University Limited|https://ror.org/02r276210 
Baker Heart and Diabetes Institute|https://ror.org/03rke0285 
Barwon Health|https://ror.org/00my0hg66 
Biomedical Research and Training Institute|https://ror.org/0130vhy65 
Black Dog Institute|https://ror.org/04rfr1008 
Burnet Institute|https://ror.org/05ktbsm52 
Cabrini Health|https://abr.business.gov.au/ABN/View/33370684005 
Cairns and Hinterland Hospital and Health Service|https://abr.business.gov.au/ABN/View/25285907786 
Calvary Health Care Canberra|https://ror.org/041c7s516 
Camden and Campbelltown Hospitals|https://ror.org/04c318s33 
Cancer Council Queensland|https://ror.org/03g5d6c96 
Cedars Sinai|https://ror.org/02pammg90 
Centenary Institute|https://ror.org/05gvja138 
Central Adelaide Local Health Network Incorporated|https://abr.business.gov.au/ABN/View/96269526412 
Central Australian Aboriginal Congress Aboriginal Corporation|https://abr.business.gov.au/ABN/View/76210591710 
Centre for Eye Research Australia Limited|https://ror.org/01sqdef20 
Charles Sturt University|https://ror.org/00wfvh315 
Children's Health Queensland Hospital and Health Service|https://ror.org/00be8mn93 
Children's Hospital at Westmead|https://ror.org/05k0s5494 
Children's Medical Research Institute|https://ror.org/01bsaey45 
Chris O'Brien Lifehouse|https://ror.org/00qeks103 
City University of Sao Paulo|https://ror.org/012gg9483 
Curtin University|https://ror.org/02n415q13 
Danila Dilba Health Service|https://abr.business.gov.au/ABN/View/57024747460 
Deakin University|https://ror.org/02czsnj07 
Department of Defence|https://ror.org/051wnqr14 
Department of Health and Aged Care|https://ror.org/02swcnz29 
Department of Health TAS|https://abr.business.gov.au/ABN/View/11255872006 
Department of Health VIC|https://abr.business.gov.au/ABN/View/74410330756 
Duke-NUS Graduate Medical School|https://ror.org/02j1m6098 
Duke University Medical Centre|https://ror.org/03njmea73 
Eastern Health|https://ror.org/00vyyx863 
Edith Cowan University|https://ror.org/05jhnwe22 
Fiona Stanley Hospital|https://ror.org/027p0bm56 
Flinders Medical Centre|https://ror.org/020aczd56 
Flinders University|https://ror.org/01kpzv902 
Florey Institute of Neuroscience and Mental Health|https://ror.org/03a2tac74 
GenesisCare|https://ror.org/03sxgeg61 
Gold Coast Health|https://ror.org/04zt8gw89 
Gold Coast University Hospital|https://abr.business.gov.au/ABN/View/82616992416 
Gove District Hospital|https://abr.business.gov.au/ABN/View/84085734992 
Grampians Health|https://ror.org/04kd26r92 
Griffith University|https://ror.org/02sc3r913 
Harry Perkins Institute of Medical Research|https://ror.org/02xz7d723 
Heart Research Institute|https://ror.org/046fa4y88 
Hudson Institute of Medical Research|https://ror.org/0083mf965 
Hunter New England Local Health District|https://ror.org/050b31k83 
Institute for Molecular Bioscience|https://ror.org/01rxfrp27
James Cook University|https://ror.org/04gsp2c11 
Katherine West Health Board Aboriginal Corporation|https://abr.business.gov.au/ABN/View/23351866925 
Latrobe Regional Health|https://abr.business.gov.au/ABN/View/18128843652 
La Trobe University|https://ror.org/01rxfrp27 
Liverpool Cancer Therapy Centre|https://ror.org/03zzzks34
Liverpool School of Tropical Medicine|https://ror.org/03svjbs84 
London School of Hygiene &amp; Tropical Medicine|https://ror.org/00a0jsq62 
Mackay Hospital and Health Service|https://ror.org/01w2yhe61 
Macquarie University|https://ror.org/01sf06y89 
Makerere University|https://ror.org/03dmz0111 
Mala'la Health Service Aboriginal Corporation|https://abr.business.gov.au/ABN/View/89357836457 
Mater Hospital Brisbane|https://ror.org/05wqhv079 
Mater Private Hospital Brisbane|https://ror.org/03w94w157 
Mayo Clinic, Rochester|https://ror.org/02qp3tb03 
McMaster University|https://ror.org/02fa3aq29 
Medical Research Council Clinical Trials Unit|https://ror.org/001mm6w73 
Melanoma Institute Australia|https://ror.org/02jxrhq31 
Melbourne Health|https://ror.org/04z4kmw33 
Menzies School of Health Research|https://ror.org/006mbby82 
Mercy Health|https://ror.org/054bs2v13 
Metro North Hospital and Health Service|https://abr.business.gov.au/ABN/View/18496277942 
Mid North Coast Local Health District|https://abr.business.gov.au/ABN/View/57946356658 
Mildura Rural City Council|https://abr.business.gov.au/ABN/View/42498937037 
Miwatj Health Aboriginal Corporation|https://abr.business.gov.au/ABN/View/96843428729 
MJD Foundation|https://abr.business.gov.au/ABN/View/65159208867 
Monash Health|https://ror.org/02t1bej08 
Monash Partners|http://https://monashpartners.org.au 
Monash University|https://ror.org/02bfwt286 
MRC/UVRI Uganda Research Unit on AIDS|https://www.lshtm.ac.uk/research/units/mrc-uganda 
Mt Wilga Private Rehabilitation Hospital|https://abr.business.gov.au/ABN/View/54003222080 
Municipal Association of Victoria|https://ror.org/02fcqpe40 
Murdoch Children's Research Institute|https://ror.org/048fyec77 
Murdoch University|https://ror.org/00r4sry34 
Murrumbidgee Local Health District|https://abr.business.gov.au/ABN/View/71172428618 
National Cerebral and Cardiovascular Center|https://ror.org/01v55qb38 
National Institute of Infectious Diseases|https://ror.org/001ggbx22 
Neuroscience Research Australia|https://ror.org/01g7s6g79 
North Central Local Learning and Employment Network|https://abr.business.gov.au/ABN/View/93103445051 
Northern Health|https://ror.org/009k7c907 
Northern Queensland Primary Health Network|https://abr.business.gov.au/ABN/View/35605757640 
Northern Territory Department of Health|https://ror.org/021ctjg87 
Northern Territory Primary Health Network|https://abr.business.gov.au/ABN/View/17158970480 
North West Hospital and Health Service|https://abr.business.gov.au/ABN/View/22406683778 
NSW Health|https://ror.org/03tb4gf50 
NSW Regional Health Partners|https://abr.business.gov.au/ABN/View/63598010203 
NSW Rural Doctors Network|https://abr.business.gov.au/ABN/View/52081388810 
Outcome Health|https://abr.business.gov.au/ABN/View/86129637412 
Papua New Guinea Institute of Medical Research|https://ror.org/01x6n0t15 
Peninsula Health|https://ror.org/02n5e6456 
Perron Institute for Neurological and Translational Science|https://ror.org/04yn72m09 
Perth Children's Hospital|https://ror.org/015zx6n37 
Peter MacCallum Cancer Centre|https://ror.org/02a8bt934 
Primary Health Tasmania|https://abr.business.gov.au/ABN/View/47082572629 
Prince of Wales Hospital|https://ror.org/022arq532 
Princess Alexandra Hospital|https://ror.org/04mqb0968 
Queen Elizabeth Hospital Birmingham|https://ror.org/048emj907 
Queensland Aboriginal and Islander Health Council|https://abr.business.gov.au/ABN/View/97111116762 
Queensland Health|https://ror.org/00c1dt378 
Queensland University of Technology|https://ror.org/03pnv4752 
Ramsay Health Care|https://ror.org/01b05bn14 
Researcherenye Wappayalawangka-Central Australia Academic Health Science Network|https://abr.business.gov.au/ABN/View/76210591710 
RIKEN Advanced Science Institute|https://ror.org/030vbmf58 
RMIT University|https://ror.org/04ttjf776 
Royal Adelaide Hospital|https://ror.org/00carf720 
Royal Brisbane and Women's Hospital|https://ror.org/05p52kj31 
Royal Darwin Hospital|https://ror.org/04jq72f57 
Royal Flying Doctor Service of Australia|https://abr.business.gov.au/ABN/View/74438059643 
Royal Free Hospital|https://www.odsdatasearchandexport.nhs.uk/?search=advorg&amp;code=5C197 
Royal Hobart Hospital|https://ror.org/031382m70 
Royal North Shore Hospital|https://ror.org/02gs2e959 
Royal Perth Hospital|https://ror.org/00zc2xc51 
Royal Prince Alfred Hospital|https://ror.org/05gpvde20 
Silverchain|https://abr.business.gov.au/ABN/View/77119417018 
Sir Charles Gairdner Hospital|https://ror.org/01hhqsm59 
South Australian Health and Medical Research Institute Limited|https://ror.org/03e3kts03 
South Eastern Sydney Local Health District|https://ror.org/03w28pb62 
Southern Cross University|https://ror.org/001xkv632 
Starship Children's Hospital|https://ror.org/04sh9kd82 
St Vincent's Hospital Melbourne|https://ror.org/001kjn539 
St Vincent's Hospital Sydney|https://ror.org/000ed3w25 
St Vincent's Institute of Medical Research|https://abr.business.gov.au/ABN/View/52004705640 
Sunrise Health Service|https://abr.business.gov.au/ABN/View/26778213582 
Sunshine Coast Hospital and Health Service|https://ror.org/017ay4a94 
Swinburne University of Technology|https://ror.org/031rekg67 
Sydney Children's Hospital, Randwick|https://ror.org/02tj04e91 
Sydney Children's Hospitals Network|https://ror.org/04d87y574 
Sydney Local Health District|https://ror.org/04w6y2z35 
Tasmanian Health Service|https://abr.business.gov.au/ABN/View/15359196040 
The Bionics Institute of Australia|https://ror.org/05e4f1b55 
The Council of the Queensland Institute of Medical Research|https://abr.business.gov.au/ABN/View/31411813344 
The Garvan Institute of Medical Research|https://ror.org/01b3dvp57 
The George Institute for Global Health|https://ror.org/023331s46 
The Kids Research Institute Australia|https://ror.org/01dbmzx78 
The Royal Children's Hospital Melbourne|https://abr.business.gov.au/ABN/View/35655720546 
The Royal Victorian Eye &amp; Ear Hospital|https://ror.org/008q4kt04 
The Royal Women's Hospital|https://ror.org/03grnna41 
The Sax Institute|https://ror.org/008cfxd05 
The University of Adelaide|https://ror.org/00892tw58 
The University of Newcastle|https://ror.org/00eae9z71 
The University of New England|https://ror.org/04r659a56 
The University of Queensland|https://ror.org/00rqy9422 
The Walter and Eliza Hall Institute of Medical Research|https://ror.org/01b6kha49 
Torres and Cape Hospital and Health Service|https://abr.business.gov.au/ABN/View/60821496581 
Townsville Hospital and Health Service|https://abr.business.gov.au/ABN/View/86747187217 
Townsville University Hospital|https://ror.org/021zqhw10
Tropical Australian Academic Health Centre Limited|https://abr.business.gov.au/ABN/View/52633876936 
Universitas Sumatera Utara|https://ror.org/01kknrc90 
University of Auckland|https://ror.org/03b94tp07 
University of Botswana|https://ror.org/01encsj80 
University of Calgary|https://ror.org/03yjb2x39 
University of Edinburgh|https://ror.org/01nrxwf90 
University of Maryland, Baltimore|https://ror.org/04rq5mt64 
University of Melbourne|https://ror.org/01ej9dk98 
University of New South Wales|https://ror.org/03r8z3t63 
University of North Carolina at Chapel Hill|https://ror.org/0130frc33 
University of Oxford|https://ror.org/052gg0110 
University of South Australia|https://ror.org/01p93h210 
University of Southern Queensland|https://ror.org/04sjbnx57 
University of Sydney|https://ror.org/0384j8v12 
University of Tasmania|https://ror.org/01nfmeh72 
University of Technology Sydney|https://ror.org/03f0f6041 
University of Tokyo|https://ror.org/057zh3y96 
University of Western Australia|https://ror.org/047272k79 
University of Wollongong|https://ror.org/00jtmb277 
University of Zimbabwe|https://ror.org/04ze6rb18 
Victor Chang Cardiac Research Institute Limited|https://ror.org/03trvqr13 
Victorian State Government|https://ror.org/02xvc5r05 
Western Alliance|https://abr.business.gov.au/ABN/View/14615833951 
Western Health|https://ror.org/02p4mwa83 
Western NSW Local Health District|https://ror.org/019y11h89 
Western Sydney Local Health District|https://abr.business.gov.au/ABN/View/48702394764 
Western Sydney University|https://ror.org/03t52dk35 
Westmead Hospital|https://ror.org/04gp5yv64 
Women's and Children's Health Network|https://ror.org/01e2ynf23 
Wuchopperen Health Service|https://abr.business.gov.au/ABN/View/15010112580 
YARRA RANGES SHIRE COUNCIL|https://abr.business.gov.au/ABN/View/21973226012